date of purchase,order number,flavor
05/01/2018,1,red velvet
05/01/2018,2,chocolate
05/01/2018,2,green tea
05/01/2018,2,vanilla
05/01/2018,2,lemon
05/01/2018,2,tuxedo
05/01/2018,2,vanilla
05/01/2018,2,vanilla
05/01/2018,2,vanilla
05/01/2018,2,lemon
05/01/2018,3,red velvet
05/01/2018,4,green tea
05/01/2018,5,tuxedo
05/01/2018,5,lemon
05/01/2018,6,vanilla
05/01/2018,7,lemon
05/01/2018,7,chocolate
05/01/2018,7,chocolate
05/01/2018,7,red velvet
05/01/2018,7,lemon
05/01/2018,8,green tea
05/01/2018,8,lemon
05/01/2018,8,green tea
05/01/2018,8,chocolate
05/01/2018,8,red velvet
05/01/2018,8,vanilla
05/01/2018,8,tuxedo
05/01/2018,9,green tea
05/01/2018,9,tuxedo
05/01/2018,9,lemon
05/01/2018,9,chocolate
05/01/2018,9,green tea
05/01/2018,9,green tea
05/01/2018,9,lemon
05/01/2018,9,lemon
05/01/2018,9,chocolate
05/01/2018,9,tuxedo
05/01/2018,9,tuxedo
05/01/2018,10,vanilla
05/01/2018,11,chocolate
05/01/2018,11,chocolate
05/01/2018,11,green tea
05/01/2018,12,vanilla
05/01/2018,12,green tea
05/01/2018,12,tuxedo
05/01/2018,12,green tea
05/01/2018,13,chocolate
05/01/2018,14,vanilla
05/01/2018,15,lemon
05/01/2018,15,red velvet
05/01/2018,15,green tea
05/01/2018,15,chocolate
05/01/2018,15,chocolate
05/01/2018,15,lemon
05/01/2018,15,green tea
05/01/2018,15,tuxedo
05/01/2018,15,lemon
05/01/2018,15,lemon
05/01/2018,15,tuxedo
05/01/2018,15,chocolate
05/01/2018,15,vanilla
05/02/2018,16,green tea
05/02/2018,16,red velvet
05/02/2018,16,tuxedo
05/02/2018,16,chocolate
05/02/2018,16,chocolate
05/02/2018,16,chocolate
05/02/2018,17,tuxedo
05/02/2018,17,red velvet
05/02/2018,17,tuxedo
05/02/2018,17,chocolate
05/02/2018,17,lemon
05/02/2018,18,chocolate
05/02/2018,18,tuxedo
05/02/2018,18,lemon
05/02/2018,18,vanilla
05/02/2018,18,green tea
05/02/2018,18,red velvet
05/02/2018,18,vanilla
05/02/2018,18,chocolate
05/02/2018,18,red velvet
05/02/2018,18,tuxedo
05/02/2018,18,red velvet
05/02/2018,18,green tea
05/02/2018,19,tuxedo
05/02/2018,19,tuxedo
05/02/2018,20,chocolate
05/02/2018,21,green tea
05/02/2018,21,chocolate
05/02/2018,21,tuxedo
05/02/2018,21,chocolate
05/02/2018,22,chocolate
05/02/2018,23,chocolate
05/02/2018,23,chocolate
05/02/2018,23,lemon
05/02/2018,23,chocolate
05/02/2018,23,red velvet
05/02/2018,23,vanilla
05/02/2018,23,green tea
05/02/2018,24,chocolate
05/02/2018,24,tuxedo
05/02/2018,24,tuxedo
05/02/2018,24,lemon
05/02/2018,24,tuxedo
05/02/2018,24,lemon
05/02/2018,24,green tea
05/02/2018,24,chocolate
05/02/2018,24,lemon
05/02/2018,24,red velvet
05/02/2018,24,chocolate
05/02/2018,25,green tea
05/02/2018,25,tuxedo
05/02/2018,25,tuxedo
05/02/2018,25,chocolate
05/02/2018,25,vanilla
05/02/2018,25,tuxedo
05/02/2018,26,lemon
05/02/2018,26,lemon
05/02/2018,26,chocolate
05/02/2018,26,chocolate
05/02/2018,26,lemon
05/02/2018,27,red velvet
05/02/2018,28,lemon
05/02/2018,29,tuxedo
05/02/2018,29,tuxedo
05/02/2018,29,red velvet
05/02/2018,29,red velvet
05/02/2018,29,red velvet
05/02/2018,29,green tea
05/02/2018,29,green tea
05/02/2018,29,chocolate
05/02/2018,29,chocolate
05/02/2018,30,tuxedo
05/02/2018,30,green tea
05/02/2018,30,green tea
05/02/2018,30,red velvet
05/02/2018,30,vanilla
05/02/2018,30,green tea
05/02/2018,31,green tea
05/02/2018,32,chocolate
05/02/2018,33,chocolate
05/02/2018,33,lemon
05/02/2018,33,lemon
05/02/2018,33,vanilla
05/02/2018,34,red velvet
05/02/2018,34,vanilla
05/02/2018,35,lemon
05/02/2018,35,green tea
05/02/2018,35,tuxedo
05/02/2018,35,red velvet
05/02/2018,35,green tea
05/02/2018,35,vanilla
05/02/2018,35,tuxedo
05/02/2018,36,lemon
05/02/2018,36,chocolate
05/02/2018,36,red velvet
05/02/2018,36,vanilla
05/02/2018,36,vanilla
05/02/2018,36,red velvet
05/02/2018,36,red velvet
05/02/2018,36,green tea
05/02/2018,36,chocolate
05/02/2018,37,vanilla
05/02/2018,38,tuxedo
05/02/2018,38,chocolate
05/02/2018,38,tuxedo
05/02/2018,38,red velvet
05/02/2018,38,green tea
05/02/2018,38,chocolate
05/02/2018,38,tuxedo
05/02/2018,38,vanilla
05/02/2018,38,red velvet
05/03/2018,39,vanilla
05/03/2018,39,lemon
05/03/2018,39,green tea
05/03/2018,39,vanilla
05/03/2018,39,lemon
05/03/2018,39,green tea
05/03/2018,39,tuxedo
05/03/2018,39,tuxedo
05/03/2018,39,lemon
05/03/2018,39,vanilla
05/03/2018,39,tuxedo
05/03/2018,40,chocolate
05/03/2018,40,green tea
05/03/2018,41,tuxedo
05/03/2018,41,chocolate
05/03/2018,41,red velvet
05/03/2018,41,red velvet
05/03/2018,41,lemon
05/03/2018,41,vanilla
05/03/2018,41,lemon
05/03/2018,42,green tea
05/03/2018,43,chocolate
05/03/2018,43,chocolate
05/03/2018,43,chocolate
05/03/2018,43,vanilla
05/03/2018,43,red velvet
05/03/2018,43,green tea
05/03/2018,43,chocolate
05/03/2018,43,green tea
05/03/2018,43,tuxedo
05/03/2018,43,vanilla
05/03/2018,43,green tea
05/03/2018,43,green tea
05/03/2018,43,tuxedo
05/03/2018,43,tuxedo
05/03/2018,43,red velvet
05/03/2018,44,green tea
05/03/2018,45,chocolate
05/03/2018,46,lemon
05/03/2018,46,chocolate
05/03/2018,46,red velvet
05/03/2018,46,chocolate
05/03/2018,46,red velvet
05/03/2018,46,red velvet
05/03/2018,46,green tea
05/03/2018,46,tuxedo
05/03/2018,46,tuxedo
05/03/2018,46,red velvet
05/03/2018,46,chocolate
05/03/2018,46,chocolate
05/03/2018,46,vanilla
05/03/2018,46,tuxedo
05/03/2018,46,red velvet
05/03/2018,46,lemon
05/03/2018,47,red velvet
05/03/2018,47,vanilla
05/03/2018,47,lemon
05/03/2018,47,lemon
05/03/2018,47,chocolate
05/03/2018,47,tuxedo
05/03/2018,47,vanilla
05/03/2018,47,green tea
05/03/2018,47,vanilla
05/03/2018,47,red velvet
05/03/2018,47,chocolate
05/03/2018,48,vanilla
05/03/2018,48,chocolate
05/03/2018,48,lemon
05/04/2018,49,red velvet
05/04/2018,49,tuxedo
05/04/2018,49,red velvet
05/04/2018,49,lemon
05/04/2018,49,red velvet
05/04/2018,49,lemon
05/04/2018,49,chocolate
05/04/2018,50,lemon
05/04/2018,50,lemon
05/04/2018,50,tuxedo
05/04/2018,50,red velvet
05/04/2018,50,chocolate
05/04/2018,51,vanilla
05/04/2018,51,red velvet
05/04/2018,52,vanilla
05/04/2018,52,red velvet
05/04/2018,52,chocolate
05/04/2018,52,red velvet
05/04/2018,52,tuxedo
05/04/2018,52,red velvet
05/04/2018,52,chocolate
05/04/2018,52,green tea
05/04/2018,52,green tea
05/04/2018,53,chocolate
05/04/2018,53,tuxedo
05/04/2018,53,green tea
05/04/2018,53,chocolate
05/04/2018,53,lemon
05/04/2018,54,red velvet
05/04/2018,54,red velvet
05/04/2018,54,vanilla
05/04/2018,54,tuxedo
05/04/2018,54,green tea
05/04/2018,54,chocolate
05/04/2018,54,lemon
05/04/2018,54,green tea
05/04/2018,54,lemon
05/04/2018,54,vanilla
05/04/2018,55,lemon
05/04/2018,55,lemon
05/04/2018,55,chocolate
05/04/2018,55,chocolate
05/04/2018,55,red velvet
05/04/2018,55,vanilla
05/04/2018,55,green tea
05/04/2018,55,lemon
05/04/2018,55,vanilla
05/04/2018,55,red velvet
05/04/2018,55,red velvet
05/04/2018,55,red velvet
05/04/2018,55,tuxedo
05/04/2018,56,chocolate
05/04/2018,57,red velvet
05/04/2018,57,chocolate
05/04/2018,57,lemon
05/04/2018,57,vanilla
05/04/2018,57,green tea
05/04/2018,57,vanilla
05/04/2018,57,vanilla
05/04/2018,57,red velvet
05/04/2018,57,green tea
05/04/2018,58,red velvet
05/04/2018,58,lemon
05/04/2018,58,vanilla
05/04/2018,58,chocolate
05/04/2018,58,green tea
05/04/2018,58,vanilla
05/04/2018,58,red velvet
05/04/2018,58,tuxedo
05/04/2018,58,tuxedo
05/04/2018,58,chocolate
05/04/2018,58,tuxedo
05/04/2018,58,chocolate
05/04/2018,58,lemon
05/04/2018,58,red velvet
05/04/2018,58,red velvet
05/04/2018,58,green tea
05/04/2018,58,green tea
05/04/2018,59,lemon
05/04/2018,59,vanilla
05/04/2018,59,green tea
05/04/2018,59,lemon
05/04/2018,59,lemon
05/04/2018,59,lemon
05/04/2018,60,chocolate
05/04/2018,60,vanilla
05/04/2018,60,tuxedo
05/04/2018,60,green tea
05/04/2018,60,chocolate
05/04/2018,60,tuxedo
05/04/2018,61,vanilla
05/04/2018,61,lemon
05/04/2018,61,green tea
05/04/2018,61,vanilla
05/04/2018,62,chocolate
05/04/2018,62,lemon
05/04/2018,62,green tea
05/04/2018,62,green tea
05/04/2018,62,green tea
05/04/2018,62,lemon
05/04/2018,62,green tea
05/04/2018,62,green tea
05/04/2018,62,lemon
05/04/2018,62,vanilla
05/04/2018,62,red velvet
05/04/2018,62,vanilla
05/04/2018,62,red velvet
05/04/2018,62,red velvet
05/04/2018,63,tuxedo
05/04/2018,64,green tea
05/04/2018,64,lemon
05/04/2018,64,chocolate
05/04/2018,64,chocolate
05/04/2018,64,green tea
05/04/2018,65,tuxedo
05/04/2018,65,tuxedo
05/04/2018,65,green tea
05/04/2018,65,chocolate
05/04/2018,65,red velvet
05/04/2018,65,vanilla
05/04/2018,66,green tea
05/04/2018,66,lemon
05/04/2018,66,vanilla
05/04/2018,66,chocolate
05/04/2018,66,green tea
05/04/2018,67,lemon
05/04/2018,67,vanilla
05/04/2018,67,tuxedo
05/04/2018,67,tuxedo
05/04/2018,68,tuxedo
05/04/2018,68,vanilla
05/04/2018,68,lemon
05/04/2018,68,red velvet
05/04/2018,69,lemon
05/04/2018,69,chocolate
05/04/2018,69,vanilla
05/04/2018,69,lemon
05/04/2018,69,tuxedo
05/04/2018,69,chocolate
05/04/2018,69,vanilla
05/04/2018,69,chocolate
05/04/2018,69,chocolate
05/04/2018,69,green tea
05/04/2018,69,tuxedo
05/04/2018,69,green tea
05/04/2018,69,tuxedo
05/04/2018,69,tuxedo
05/04/2018,69,green tea
05/04/2018,69,chocolate
05/04/2018,70,red velvet
05/04/2018,70,green tea
05/04/2018,70,red velvet
05/05/2018,71,tuxedo
05/05/2018,71,vanilla
05/05/2018,71,vanilla
05/05/2018,71,tuxedo
05/05/2018,71,lemon
05/05/2018,72,red velvet
05/05/2018,73,tuxedo
05/05/2018,73,green tea
05/05/2018,73,vanilla
05/05/2018,73,vanilla
05/05/2018,73,lemon
05/05/2018,73,chocolate
05/05/2018,73,tuxedo
05/05/2018,73,chocolate
05/05/2018,73,chocolate
05/05/2018,74,chocolate
05/05/2018,74,chocolate
05/05/2018,74,chocolate
05/05/2018,74,green tea
05/05/2018,74,vanilla
05/05/2018,74,vanilla
05/05/2018,74,green tea
05/05/2018,74,red velvet
05/05/2018,74,vanilla
05/05/2018,74,green tea
05/05/2018,74,tuxedo
05/05/2018,74,vanilla
05/05/2018,74,tuxedo
05/05/2018,74,lemon
05/05/2018,75,tuxedo
05/05/2018,75,vanilla
05/05/2018,75,green tea
05/05/2018,75,tuxedo
05/05/2018,75,tuxedo
05/05/2018,75,green tea
05/05/2018,76,chocolate
05/05/2018,76,red velvet
05/05/2018,76,chocolate
05/05/2018,76,green tea
05/05/2018,76,lemon
05/05/2018,76,red velvet
05/05/2018,76,tuxedo
05/05/2018,76,chocolate
05/05/2018,76,chocolate
05/05/2018,76,vanilla
05/05/2018,77,green tea
05/05/2018,77,red velvet
05/05/2018,77,chocolate
05/05/2018,77,tuxedo
05/05/2018,77,chocolate
05/05/2018,77,lemon
05/05/2018,78,green tea
05/05/2018,78,red velvet
05/05/2018,78,vanilla
05/05/2018,78,vanilla
05/05/2018,78,red velvet
05/05/2018,78,green tea
05/05/2018,78,green tea
05/05/2018,78,green tea
05/05/2018,79,tuxedo
05/05/2018,79,vanilla
05/05/2018,79,lemon
05/05/2018,79,green tea
05/05/2018,79,red velvet
05/05/2018,79,lemon
05/05/2018,79,green tea
05/05/2018,79,red velvet
05/05/2018,80,chocolate
05/05/2018,81,tuxedo
05/05/2018,81,tuxedo
05/05/2018,81,vanilla
05/05/2018,82,red velvet
05/05/2018,82,tuxedo
05/05/2018,82,lemon
05/05/2018,82,lemon
05/05/2018,82,red velvet
05/05/2018,83,red velvet
05/05/2018,83,red velvet
05/05/2018,83,lemon
05/05/2018,83,red velvet
05/05/2018,83,vanilla
05/05/2018,83,green tea
05/05/2018,83,green tea
05/05/2018,83,chocolate
05/05/2018,84,green tea
05/05/2018,85,vanilla
05/05/2018,85,tuxedo
05/05/2018,86,lemon
05/05/2018,86,vanilla
05/05/2018,87,lemon
05/05/2018,87,green tea
05/05/2018,88,green tea
05/05/2018,88,vanilla
05/05/2018,88,tuxedo
05/05/2018,88,chocolate
05/05/2018,89,tuxedo
05/05/2018,89,red velvet
05/05/2018,89,tuxedo
05/05/2018,89,chocolate
05/05/2018,89,red velvet
05/05/2018,89,vanilla
05/05/2018,89,lemon
05/05/2018,89,green tea
05/05/2018,89,red velvet
05/05/2018,90,tuxedo
05/05/2018,91,chocolate
05/05/2018,91,chocolate
05/05/2018,91,tuxedo
05/05/2018,92,vanilla
05/05/2018,92,lemon
05/05/2018,92,chocolate
05/05/2018,92,green tea
05/05/2018,92,lemon
05/05/2018,92,green tea
05/05/2018,92,tuxedo
05/05/2018,92,red velvet
05/05/2018,92,chocolate
05/05/2018,92,lemon
05/05/2018,92,tuxedo
05/05/2018,93,tuxedo
05/05/2018,93,tuxedo
05/05/2018,93,chocolate
05/05/2018,93,vanilla
05/05/2018,93,red velvet
05/05/2018,94,green tea
05/05/2018,95,vanilla
05/05/2018,95,tuxedo
05/05/2018,95,red velvet
05/05/2018,95,chocolate
05/05/2018,95,tuxedo
05/05/2018,95,vanilla
05/05/2018,95,green tea
05/05/2018,96,lemon
05/05/2018,96,green tea
05/05/2018,96,lemon
05/05/2018,96,lemon
05/06/2018,97,green tea
05/06/2018,97,chocolate
05/06/2018,97,lemon
05/06/2018,97,vanilla
05/06/2018,97,lemon
05/06/2018,97,lemon
05/06/2018,97,red velvet
05/06/2018,97,vanilla
05/06/2018,97,chocolate
05/06/2018,98,green tea
05/06/2018,98,vanilla
05/06/2018,98,lemon
05/06/2018,98,green tea
05/06/2018,98,red velvet
05/06/2018,98,vanilla
05/06/2018,98,green tea
05/06/2018,98,vanilla
05/06/2018,99,tuxedo
05/06/2018,99,chocolate
05/06/2018,100,chocolate
05/06/2018,100,lemon
05/06/2018,100,lemon
05/06/2018,100,red velvet
05/06/2018,100,chocolate
05/06/2018,100,vanilla
05/06/2018,100,lemon
05/06/2018,100,tuxedo
05/06/2018,100,tuxedo
05/06/2018,100,green tea
05/06/2018,100,tuxedo
05/06/2018,101,tuxedo
05/06/2018,101,chocolate
05/06/2018,102,lemon
05/06/2018,102,vanilla
05/06/2018,102,chocolate
05/06/2018,102,tuxedo
05/06/2018,102,green tea
05/06/2018,102,red velvet
05/06/2018,102,red velvet
05/06/2018,103,tuxedo
05/06/2018,103,red velvet
05/06/2018,103,chocolate
05/06/2018,103,lemon
05/06/2018,103,vanilla
05/06/2018,103,red velvet
05/06/2018,103,red velvet
05/06/2018,103,lemon
05/06/2018,104,red velvet
05/06/2018,104,green tea
05/06/2018,104,lemon
05/06/2018,104,chocolate
05/06/2018,104,lemon
05/06/2018,104,lemon
05/06/2018,105,green tea
05/06/2018,105,tuxedo
05/06/2018,105,lemon
05/06/2018,105,chocolate
05/06/2018,105,red velvet
05/06/2018,105,chocolate
05/06/2018,105,green tea
05/06/2018,106,chocolate
05/06/2018,107,green tea
05/06/2018,108,tuxedo
05/06/2018,108,red velvet
05/06/2018,108,chocolate
05/06/2018,108,tuxedo
05/06/2018,108,green tea
05/06/2018,108,tuxedo
05/06/2018,108,red velvet
05/06/2018,108,red velvet
05/06/2018,108,red velvet
05/06/2018,109,tuxedo
05/06/2018,110,tuxedo
05/06/2018,110,tuxedo
05/06/2018,110,red velvet
05/06/2018,110,tuxedo
05/06/2018,110,chocolate
05/06/2018,110,chocolate
05/06/2018,110,lemon
05/06/2018,110,green tea
05/06/2018,110,vanilla
05/06/2018,110,green tea
05/06/2018,111,chocolate
05/06/2018,111,vanilla
05/06/2018,111,lemon
05/06/2018,111,lemon
05/06/2018,111,lemon
05/06/2018,111,green tea
05/06/2018,111,red velvet
05/06/2018,111,green tea
05/06/2018,111,tuxedo
05/06/2018,111,vanilla
05/06/2018,112,green tea
05/06/2018,113,tuxedo
05/06/2018,113,tuxedo
05/06/2018,113,chocolate
05/06/2018,113,lemon
05/06/2018,113,red velvet
05/06/2018,113,vanilla
05/06/2018,113,red velvet
05/06/2018,113,green tea
05/06/2018,113,lemon
05/06/2018,113,red velvet
05/06/2018,113,lemon
05/06/2018,113,vanilla
05/06/2018,113,vanilla
05/06/2018,113,green tea
05/06/2018,113,vanilla
05/06/2018,113,red velvet
05/06/2018,114,red velvet
05/06/2018,114,lemon
05/06/2018,115,green tea
05/06/2018,116,green tea
05/06/2018,117,green tea
05/06/2018,117,tuxedo
05/06/2018,117,tuxedo
05/06/2018,117,vanilla
05/06/2018,117,lemon
05/06/2018,117,vanilla
05/06/2018,118,chocolate
05/06/2018,118,vanilla
05/06/2018,118,green tea
05/06/2018,118,chocolate
05/06/2018,119,lemon
05/06/2018,119,green tea
05/06/2018,119,red velvet
05/06/2018,119,chocolate
05/06/2018,119,red velvet
05/06/2018,119,tuxedo
05/06/2018,119,chocolate
05/06/2018,119,lemon
05/06/2018,119,lemon
05/06/2018,119,vanilla
05/06/2018,119,vanilla
05/06/2018,119,chocolate
05/06/2018,120,red velvet
05/06/2018,120,lemon
05/06/2018,120,tuxedo
05/06/2018,120,vanilla
05/06/2018,120,red velvet
05/06/2018,120,red velvet
05/07/2018,121,green tea
05/07/2018,121,chocolate
05/07/2018,121,chocolate
05/07/2018,121,red velvet
05/07/2018,121,lemon
05/07/2018,121,chocolate
05/07/2018,122,red velvet
05/07/2018,122,green tea
05/07/2018,123,chocolate
05/07/2018,123,vanilla
05/07/2018,123,chocolate
05/07/2018,123,green tea
05/07/2018,123,green tea
05/07/2018,123,red velvet
05/07/2018,123,red velvet
05/07/2018,123,red velvet
05/07/2018,124,green tea
05/07/2018,124,chocolate
05/07/2018,124,red velvet
05/07/2018,125,red velvet
05/07/2018,125,chocolate
05/07/2018,125,tuxedo
05/07/2018,125,green tea
05/07/2018,125,tuxedo
05/07/2018,126,tuxedo
05/07/2018,126,lemon
05/07/2018,126,vanilla
05/07/2018,126,red velvet
05/07/2018,126,red velvet
05/07/2018,126,red velvet
05/07/2018,126,tuxedo
05/07/2018,126,tuxedo
05/07/2018,127,green tea
05/07/2018,127,red velvet
05/07/2018,127,red velvet
05/07/2018,127,tuxedo
05/07/2018,127,chocolate
05/07/2018,127,green tea
05/07/2018,127,chocolate
05/07/2018,128,green tea
05/07/2018,128,vanilla
05/07/2018,128,vanilla
05/07/2018,128,tuxedo
05/07/2018,128,chocolate
05/07/2018,128,red velvet
05/07/2018,128,chocolate
05/07/2018,128,vanilla
05/07/2018,128,chocolate
05/07/2018,128,vanilla
05/07/2018,128,lemon
05/07/2018,128,lemon
05/07/2018,129,green tea
05/07/2018,129,lemon
05/07/2018,129,chocolate
05/07/2018,129,green tea
05/07/2018,129,green tea
05/07/2018,129,vanilla
05/07/2018,129,vanilla
05/07/2018,129,tuxedo
05/07/2018,130,red velvet
05/07/2018,130,lemon
05/07/2018,130,tuxedo
05/07/2018,130,vanilla
05/07/2018,130,vanilla
05/07/2018,130,chocolate
05/07/2018,130,lemon
05/07/2018,130,chocolate
05/07/2018,131,chocolate
05/07/2018,131,green tea
05/07/2018,131,tuxedo
05/07/2018,131,tuxedo
05/07/2018,131,tuxedo
05/07/2018,131,vanilla
05/07/2018,131,tuxedo
05/07/2018,132,lemon
05/07/2018,132,lemon
05/07/2018,132,vanilla
05/07/2018,132,chocolate
05/07/2018,132,tuxedo
05/07/2018,132,green tea
05/07/2018,132,vanilla
05/07/2018,132,chocolate
05/07/2018,132,green tea
05/07/2018,132,tuxedo
05/07/2018,132,green tea
05/07/2018,133,vanilla
05/07/2018,134,red velvet
05/07/2018,134,chocolate
05/07/2018,135,red velvet
05/07/2018,135,red velvet
05/07/2018,135,chocolate
05/07/2018,135,red velvet
05/07/2018,135,chocolate
05/07/2018,135,tuxedo
05/07/2018,135,vanilla
05/07/2018,135,green tea
05/07/2018,135,vanilla
05/07/2018,135,tuxedo
05/07/2018,136,tuxedo
05/07/2018,136,lemon
05/07/2018,136,vanilla
05/07/2018,136,lemon
05/07/2018,136,red velvet
05/07/2018,136,chocolate
05/07/2018,136,chocolate
05/07/2018,136,tuxedo
05/07/2018,137,lemon
05/08/2018,138,tuxedo
05/08/2018,138,red velvet
05/08/2018,138,red velvet
05/08/2018,138,lemon
05/08/2018,138,red velvet
05/08/2018,139,chocolate
05/08/2018,139,red velvet
05/08/2018,139,vanilla
05/08/2018,139,tuxedo
05/08/2018,140,vanilla
05/08/2018,140,tuxedo
05/08/2018,140,red velvet
05/08/2018,141,red velvet
05/08/2018,141,green tea
05/08/2018,141,red velvet
05/08/2018,141,lemon
05/08/2018,141,red velvet
05/08/2018,141,tuxedo
05/08/2018,141,green tea
05/08/2018,141,chocolate
05/08/2018,142,chocolate
05/08/2018,143,chocolate
05/08/2018,144,tuxedo
05/08/2018,144,red velvet
05/08/2018,144,vanilla
05/08/2018,144,chocolate
05/08/2018,144,tuxedo
05/08/2018,145,tuxedo
05/08/2018,145,lemon
05/08/2018,145,green tea
05/08/2018,145,red velvet
05/08/2018,145,green tea
05/08/2018,146,lemon
05/08/2018,146,chocolate
05/08/2018,146,lemon
05/08/2018,146,lemon
05/08/2018,146,green tea
05/08/2018,146,vanilla
05/08/2018,146,lemon
05/08/2018,146,green tea
05/08/2018,147,vanilla
05/08/2018,148,vanilla
05/08/2018,148,chocolate
05/08/2018,148,lemon
05/08/2018,149,chocolate
05/08/2018,150,red velvet
05/08/2018,150,red velvet
05/08/2018,151,red velvet
05/08/2018,151,lemon
05/08/2018,151,green tea
05/08/2018,151,tuxedo
05/08/2018,151,green tea
05/08/2018,151,green tea
05/08/2018,151,lemon
05/08/2018,151,lemon
05/08/2018,151,green tea
05/08/2018,151,vanilla
05/08/2018,151,green tea
05/08/2018,152,tuxedo
05/08/2018,153,red velvet
05/08/2018,153,tuxedo
05/08/2018,153,lemon
05/08/2018,153,green tea
05/08/2018,153,red velvet
05/08/2018,153,green tea
05/08/2018,153,green tea
05/08/2018,153,chocolate
05/08/2018,153,chocolate
05/08/2018,153,green tea
05/08/2018,153,chocolate
05/08/2018,153,vanilla
05/08/2018,154,red velvet
05/08/2018,154,chocolate
05/08/2018,154,red velvet
05/08/2018,154,green tea
05/08/2018,154,tuxedo
05/08/2018,155,lemon
05/08/2018,155,tuxedo
05/08/2018,155,tuxedo
05/08/2018,156,red velvet
05/08/2018,156,tuxedo
05/08/2018,156,vanilla
05/08/2018,156,lemon
05/08/2018,156,chocolate
05/08/2018,156,lemon
05/08/2018,156,lemon
05/08/2018,156,green tea
05/08/2018,156,chocolate
05/08/2018,156,tuxedo
05/08/2018,156,red velvet
05/08/2018,157,tuxedo
05/08/2018,157,red velvet
05/08/2018,157,lemon
05/08/2018,157,vanilla
05/08/2018,157,red velvet
05/08/2018,157,chocolate
05/08/2018,158,vanilla
05/09/2018,159,red velvet
05/09/2018,159,tuxedo
05/09/2018,159,green tea
05/09/2018,159,lemon
05/09/2018,159,red velvet
05/09/2018,159,red velvet
05/09/2018,159,tuxedo
05/09/2018,159,red velvet
05/09/2018,159,green tea
05/09/2018,159,green tea
05/09/2018,159,chocolate
05/09/2018,159,vanilla
05/09/2018,159,red velvet
05/09/2018,159,tuxedo
05/09/2018,159,tuxedo
05/09/2018,159,green tea
05/09/2018,160,lemon
05/09/2018,160,vanilla
05/09/2018,160,vanilla
05/09/2018,160,tuxedo
05/09/2018,160,vanilla
05/09/2018,160,lemon
05/09/2018,160,vanilla
05/09/2018,160,tuxedo
05/09/2018,160,green tea
05/09/2018,161,chocolate
05/09/2018,162,lemon
05/09/2018,162,vanilla
05/09/2018,162,green tea
05/09/2018,162,chocolate
05/09/2018,162,red velvet
05/09/2018,163,chocolate
05/09/2018,163,tuxedo
05/09/2018,163,tuxedo
05/09/2018,163,red velvet
05/09/2018,163,vanilla
05/09/2018,163,lemon
05/09/2018,163,red velvet
05/09/2018,164,vanilla
05/09/2018,165,vanilla
05/09/2018,165,red velvet
05/09/2018,165,lemon
05/09/2018,165,tuxedo
05/09/2018,165,lemon
05/09/2018,166,chocolate
05/09/2018,166,red velvet
05/09/2018,166,lemon
05/09/2018,166,green tea
05/09/2018,166,chocolate
05/09/2018,166,lemon
05/09/2018,166,chocolate
05/09/2018,166,red velvet
05/09/2018,166,red velvet
05/09/2018,166,chocolate
05/09/2018,167,tuxedo
05/09/2018,167,green tea
05/09/2018,167,green tea
05/09/2018,167,chocolate
05/09/2018,168,lemon
05/09/2018,168,red velvet
05/09/2018,168,vanilla
05/09/2018,168,green tea
05/09/2018,169,chocolate
05/09/2018,169,tuxedo
05/09/2018,169,green tea
05/09/2018,169,green tea
05/09/2018,169,red velvet
05/09/2018,169,red velvet
05/09/2018,169,chocolate
05/09/2018,169,lemon
05/09/2018,169,chocolate
05/09/2018,169,chocolate
05/09/2018,169,vanilla
05/09/2018,170,tuxedo
05/09/2018,170,lemon
05/09/2018,170,green tea
05/09/2018,170,chocolate
05/09/2018,170,vanilla
05/09/2018,170,lemon
05/09/2018,170,chocolate
05/09/2018,170,vanilla
05/09/2018,170,chocolate
05/09/2018,170,red velvet
05/09/2018,171,chocolate
05/09/2018,171,tuxedo
05/09/2018,172,green tea
05/09/2018,173,tuxedo
05/09/2018,173,tuxedo
05/09/2018,173,green tea
05/09/2018,173,vanilla
05/09/2018,173,green tea
05/09/2018,173,lemon
05/09/2018,173,lemon
05/09/2018,173,green tea
05/09/2018,173,red velvet
05/09/2018,173,green tea
05/09/2018,174,tuxedo
05/09/2018,174,vanilla
05/09/2018,174,chocolate
05/09/2018,175,vanilla
05/09/2018,176,tuxedo
05/09/2018,176,lemon
05/09/2018,176,vanilla
05/09/2018,176,chocolate
05/09/2018,176,lemon
05/09/2018,177,green tea
05/09/2018,177,red velvet
05/09/2018,177,vanilla
05/09/2018,177,red velvet
05/09/2018,177,lemon
05/09/2018,177,lemon
05/09/2018,177,red velvet
05/09/2018,177,red velvet
05/09/2018,178,lemon
05/09/2018,178,tuxedo
05/09/2018,178,green tea
05/09/2018,178,tuxedo
05/09/2018,179,chocolate
05/09/2018,179,chocolate
05/09/2018,179,tuxedo
05/09/2018,179,green tea
05/09/2018,179,chocolate
05/09/2018,179,green tea
05/09/2018,179,chocolate
05/09/2018,180,green tea
05/09/2018,180,red velvet
05/09/2018,180,red velvet
05/09/2018,180,tuxedo
05/09/2018,180,red velvet
05/09/2018,180,green tea
05/09/2018,180,tuxedo
05/09/2018,180,lemon
05/09/2018,180,green tea
05/09/2018,180,vanilla
05/09/2018,180,green tea
05/09/2018,180,tuxedo
05/09/2018,181,vanilla
05/09/2018,182,red velvet
05/09/2018,182,tuxedo
05/09/2018,183,tuxedo
05/09/2018,183,chocolate
05/09/2018,183,green tea
05/09/2018,183,lemon
05/09/2018,184,green tea
05/09/2018,184,tuxedo
05/09/2018,184,lemon
05/09/2018,184,vanilla
05/09/2018,184,lemon
05/09/2018,184,tuxedo
05/09/2018,184,green tea
05/09/2018,184,green tea
05/09/2018,185,red velvet
05/09/2018,185,chocolate
05/09/2018,185,vanilla
05/09/2018,185,vanilla
05/09/2018,185,vanilla
05/09/2018,186,red velvet
05/09/2018,187,green tea
05/09/2018,187,chocolate
05/09/2018,187,vanilla
05/09/2018,187,green tea
05/09/2018,187,vanilla
05/09/2018,187,lemon
05/09/2018,187,lemon
05/09/2018,187,tuxedo
05/09/2018,187,tuxedo
05/09/2018,187,red velvet
05/09/2018,187,lemon
05/09/2018,188,tuxedo
05/09/2018,188,lemon
05/09/2018,188,red velvet
05/09/2018,188,chocolate
05/09/2018,188,vanilla
05/09/2018,188,red velvet
05/09/2018,188,lemon
05/09/2018,188,red velvet
05/09/2018,188,red velvet
05/10/2018,189,vanilla
05/10/2018,189,chocolate
05/10/2018,190,vanilla
05/10/2018,190,chocolate
05/10/2018,190,lemon
05/10/2018,190,lemon
05/10/2018,190,chocolate
05/10/2018,191,chocolate
05/10/2018,191,chocolate
05/10/2018,192,green tea
05/10/2018,192,vanilla
05/10/2018,192,vanilla
05/10/2018,192,vanilla
05/10/2018,192,chocolate
05/10/2018,192,tuxedo
05/10/2018,192,chocolate
05/10/2018,192,lemon
05/10/2018,193,lemon
05/10/2018,193,green tea
05/10/2018,193,chocolate
05/10/2018,193,lemon
05/10/2018,193,vanilla
05/10/2018,194,vanilla
05/10/2018,194,lemon
05/10/2018,194,red velvet
05/10/2018,194,red velvet
05/10/2018,195,tuxedo
05/10/2018,195,vanilla
05/10/2018,195,green tea
05/10/2018,195,chocolate
05/10/2018,195,tuxedo
05/10/2018,195,lemon
05/10/2018,195,red velvet
05/10/2018,195,lemon
05/10/2018,195,red velvet
05/10/2018,195,red velvet
05/10/2018,196,tuxedo
05/10/2018,196,green tea
05/10/2018,196,chocolate
05/10/2018,196,tuxedo
05/10/2018,197,tuxedo
05/10/2018,197,lemon
05/10/2018,197,red velvet
05/10/2018,197,lemon
05/10/2018,197,chocolate
05/10/2018,197,chocolate
05/10/2018,197,red velvet
05/10/2018,197,lemon
05/10/2018,197,red velvet
05/10/2018,197,chocolate
05/10/2018,197,chocolate
05/10/2018,197,lemon
05/10/2018,197,vanilla
05/10/2018,198,vanilla
05/10/2018,198,green tea
05/10/2018,198,chocolate
05/10/2018,198,vanilla
05/10/2018,198,lemon
05/10/2018,198,chocolate
05/10/2018,198,vanilla
05/10/2018,198,chocolate
05/10/2018,199,red velvet
05/10/2018,199,chocolate
05/10/2018,199,red velvet
05/10/2018,199,lemon
05/10/2018,199,tuxedo
05/10/2018,199,vanilla
05/10/2018,199,lemon
05/10/2018,199,green tea
05/10/2018,199,lemon
05/10/2018,199,red velvet
05/10/2018,200,lemon
05/10/2018,200,tuxedo
05/10/2018,201,tuxedo
05/10/2018,202,red velvet
05/10/2018,203,lemon
05/10/2018,204,chocolate
05/10/2018,205,tuxedo
05/10/2018,205,vanilla
05/10/2018,205,chocolate
05/10/2018,205,red velvet
05/10/2018,205,vanilla
05/11/2018,206,green tea
05/11/2018,207,vanilla
05/11/2018,207,green tea
05/11/2018,207,lemon
05/11/2018,207,lemon
05/11/2018,207,green tea
05/11/2018,207,lemon
05/11/2018,208,red velvet
05/11/2018,208,vanilla
05/11/2018,208,chocolate
05/11/2018,208,chocolate
05/11/2018,209,red velvet
05/11/2018,209,tuxedo
05/11/2018,209,red velvet
05/11/2018,209,chocolate
05/11/2018,209,green tea
05/11/2018,209,red velvet
05/11/2018,209,red velvet
05/11/2018,209,tuxedo
05/11/2018,209,vanilla
05/11/2018,209,vanilla
05/11/2018,209,green tea
05/11/2018,209,lemon
05/11/2018,209,red velvet
05/11/2018,209,vanilla
05/11/2018,209,vanilla
05/11/2018,209,tuxedo
05/11/2018,210,lemon
05/11/2018,210,chocolate
05/11/2018,210,green tea
05/11/2018,210,red velvet
05/11/2018,210,green tea
05/11/2018,210,green tea
05/11/2018,210,red velvet
05/11/2018,210,red velvet
05/11/2018,210,tuxedo
05/11/2018,210,green tea
05/11/2018,210,green tea
05/11/2018,211,vanilla
05/11/2018,211,lemon
05/11/2018,211,vanilla
05/11/2018,211,vanilla
05/11/2018,211,green tea
05/11/2018,211,tuxedo
05/11/2018,211,tuxedo
05/11/2018,211,vanilla
05/11/2018,211,red velvet
05/11/2018,212,red velvet
05/11/2018,212,chocolate
05/11/2018,212,green tea
05/11/2018,212,tuxedo
05/11/2018,212,lemon
05/12/2018,213,red velvet
05/12/2018,213,lemon
05/12/2018,213,red velvet
05/12/2018,213,vanilla
05/12/2018,213,tuxedo
05/12/2018,213,green tea
05/12/2018,213,green tea
05/12/2018,213,chocolate
05/12/2018,213,tuxedo
05/12/2018,213,vanilla
05/12/2018,213,green tea
05/12/2018,214,green tea
05/12/2018,215,tuxedo
05/12/2018,215,lemon
05/12/2018,215,lemon
05/12/2018,216,green tea
05/12/2018,216,green tea
05/12/2018,216,tuxedo
05/12/2018,216,vanilla
05/12/2018,216,tuxedo
05/12/2018,217,vanilla
05/12/2018,218,tuxedo
05/12/2018,218,chocolate
05/12/2018,219,green tea
05/12/2018,219,vanilla
05/12/2018,219,red velvet
05/12/2018,219,vanilla
05/12/2018,220,lemon
05/12/2018,221,red velvet
05/12/2018,221,tuxedo
05/12/2018,221,chocolate
05/12/2018,221,vanilla
05/12/2018,221,vanilla
05/12/2018,221,green tea
05/12/2018,221,lemon
05/12/2018,221,vanilla
05/12/2018,221,chocolate
05/12/2018,221,chocolate
05/12/2018,222,tuxedo
05/12/2018,223,tuxedo
05/12/2018,223,tuxedo
05/12/2018,223,red velvet
05/12/2018,223,green tea
05/12/2018,223,vanilla
05/12/2018,223,green tea
05/12/2018,223,red velvet
05/12/2018,224,green tea
05/12/2018,224,lemon
05/12/2018,224,green tea
05/12/2018,224,chocolate
05/12/2018,224,vanilla
05/12/2018,224,green tea
05/12/2018,224,chocolate
05/12/2018,224,red velvet
05/12/2018,224,red velvet
05/12/2018,224,lemon
05/12/2018,224,red velvet
05/12/2018,225,lemon
05/12/2018,225,lemon
05/12/2018,225,lemon
05/12/2018,225,chocolate
05/12/2018,225,chocolate
05/12/2018,225,lemon
05/12/2018,226,lemon
05/12/2018,226,tuxedo
05/12/2018,226,green tea
05/12/2018,226,green tea
05/12/2018,226,tuxedo
05/12/2018,227,green tea
05/12/2018,227,green tea
05/12/2018,227,vanilla
05/12/2018,227,chocolate
05/12/2018,227,vanilla
05/12/2018,227,vanilla
05/12/2018,228,green tea
05/12/2018,228,tuxedo
05/12/2018,228,vanilla
05/12/2018,228,lemon
05/12/2018,228,red velvet
05/12/2018,229,tuxedo
05/12/2018,229,vanilla
05/12/2018,229,vanilla
05/12/2018,229,tuxedo
05/12/2018,229,lemon
05/12/2018,229,lemon
05/12/2018,230,vanilla
05/12/2018,231,tuxedo
05/12/2018,231,red velvet
05/12/2018,232,tuxedo
05/12/2018,232,red velvet
05/12/2018,232,red velvet
05/12/2018,232,red velvet
05/12/2018,232,chocolate
05/12/2018,232,chocolate
05/12/2018,232,vanilla
05/12/2018,232,green tea
05/12/2018,232,green tea
05/12/2018,232,lemon
05/12/2018,232,lemon
05/12/2018,232,vanilla
05/12/2018,232,green tea
05/12/2018,233,green tea
05/12/2018,234,lemon
05/12/2018,234,vanilla
05/12/2018,235,lemon
05/12/2018,235,lemon
05/12/2018,235,lemon
05/12/2018,235,green tea
05/12/2018,235,chocolate
05/12/2018,236,vanilla
05/12/2018,236,tuxedo
05/12/2018,236,red velvet
05/12/2018,236,chocolate
05/12/2018,236,red velvet
05/12/2018,236,vanilla
05/12/2018,236,chocolate
05/12/2018,236,green tea
05/12/2018,236,chocolate
05/12/2018,237,lemon
05/12/2018,238,vanilla
05/12/2018,238,lemon
05/12/2018,238,tuxedo
05/12/2018,238,tuxedo
05/12/2018,238,red velvet
05/12/2018,238,chocolate
05/12/2018,238,tuxedo
05/12/2018,238,green tea
05/12/2018,238,tuxedo
05/12/2018,238,tuxedo
05/12/2018,238,lemon
05/12/2018,238,lemon
05/12/2018,238,red velvet
05/13/2018,239,vanilla
05/13/2018,239,chocolate
05/13/2018,240,lemon
05/13/2018,241,vanilla
05/13/2018,241,tuxedo
05/13/2018,241,green tea
05/13/2018,241,red velvet
05/13/2018,241,chocolate
05/13/2018,241,chocolate
05/13/2018,241,chocolate
05/13/2018,241,green tea
05/13/2018,241,vanilla
05/13/2018,241,vanilla
05/13/2018,241,green tea
05/13/2018,242,red velvet
05/13/2018,242,tuxedo
05/13/2018,242,vanilla
05/13/2018,243,green tea
05/13/2018,243,tuxedo
05/13/2018,243,red velvet
05/13/2018,243,vanilla
05/13/2018,243,vanilla
05/13/2018,243,chocolate
05/13/2018,244,chocolate
05/13/2018,244,lemon
05/13/2018,244,lemon
05/13/2018,244,tuxedo
05/13/2018,245,lemon
05/13/2018,246,lemon
05/13/2018,246,red velvet
05/13/2018,246,vanilla
05/13/2018,246,vanilla
05/13/2018,246,lemon
05/13/2018,246,chocolate
05/13/2018,246,lemon
05/13/2018,246,green tea
05/13/2018,247,tuxedo
05/13/2018,247,chocolate
05/13/2018,247,red velvet
05/13/2018,247,vanilla
05/13/2018,248,chocolate
05/13/2018,248,tuxedo
05/13/2018,248,vanilla
05/13/2018,249,green tea
05/13/2018,249,red velvet
05/13/2018,249,red velvet
05/13/2018,249,tuxedo
05/13/2018,250,lemon
05/13/2018,250,lemon
05/13/2018,250,green tea
05/13/2018,250,green tea
05/13/2018,250,vanilla
05/13/2018,250,chocolate
05/13/2018,250,chocolate
05/13/2018,250,vanilla
05/13/2018,250,red velvet
05/13/2018,251,red velvet
05/13/2018,251,tuxedo
05/13/2018,251,lemon
05/13/2018,252,red velvet
05/13/2018,252,lemon
05/13/2018,252,chocolate
05/13/2018,252,tuxedo
05/13/2018,252,vanilla
05/13/2018,252,red velvet
05/13/2018,252,tuxedo
05/13/2018,252,chocolate
05/13/2018,252,tuxedo
05/13/2018,253,vanilla
05/13/2018,253,vanilla
05/13/2018,253,vanilla
05/13/2018,253,tuxedo
05/13/2018,253,chocolate
05/13/2018,253,chocolate
05/13/2018,253,chocolate
05/13/2018,253,chocolate
05/13/2018,254,green tea
05/13/2018,254,chocolate
05/13/2018,254,green tea
05/13/2018,254,green tea
05/13/2018,254,chocolate
05/13/2018,254,lemon
05/14/2018,255,red velvet
05/14/2018,256,green tea
05/14/2018,256,lemon
05/14/2018,256,chocolate
05/14/2018,256,green tea
05/14/2018,256,red velvet
05/14/2018,256,green tea
05/14/2018,256,vanilla
05/14/2018,257,tuxedo
05/14/2018,258,chocolate
05/14/2018,259,red velvet
05/14/2018,259,chocolate
05/14/2018,259,green tea
05/14/2018,259,red velvet
05/14/2018,259,red velvet
05/14/2018,259,vanilla
05/14/2018,259,green tea
05/14/2018,259,tuxedo
05/14/2018,259,chocolate
05/14/2018,259,lemon
05/14/2018,259,lemon
05/14/2018,259,tuxedo
05/14/2018,260,chocolate
05/14/2018,260,vanilla
05/14/2018,260,tuxedo
05/14/2018,260,vanilla
05/14/2018,260,tuxedo
05/14/2018,260,vanilla
05/14/2018,261,chocolate
05/14/2018,261,red velvet
05/14/2018,262,chocolate
05/14/2018,262,vanilla
05/14/2018,263,tuxedo
05/14/2018,263,tuxedo
05/14/2018,263,red velvet
05/14/2018,263,green tea
05/14/2018,264,vanilla
05/14/2018,264,red velvet
05/14/2018,264,red velvet
05/14/2018,264,chocolate
05/14/2018,264,chocolate
05/14/2018,264,green tea
05/14/2018,264,vanilla
05/14/2018,265,red velvet
05/14/2018,265,red velvet
05/14/2018,265,vanilla
05/14/2018,265,vanilla
05/14/2018,265,chocolate
05/14/2018,265,green tea
05/14/2018,265,vanilla
05/14/2018,265,green tea
05/14/2018,266,green tea
05/14/2018,266,tuxedo
05/15/2018,267,vanilla
05/15/2018,268,red velvet
05/15/2018,268,red velvet
05/15/2018,268,tuxedo
05/15/2018,268,red velvet
05/15/2018,268,red velvet
05/15/2018,268,tuxedo
05/15/2018,268,lemon
05/15/2018,268,lemon
05/15/2018,268,lemon
05/15/2018,268,chocolate
05/15/2018,269,tuxedo
05/15/2018,270,lemon
05/15/2018,270,red velvet
05/15/2018,270,green tea
05/15/2018,270,red velvet
05/15/2018,270,red velvet
05/15/2018,270,chocolate
05/15/2018,270,lemon
05/15/2018,270,chocolate
05/15/2018,271,tuxedo
05/15/2018,271,tuxedo
05/15/2018,271,green tea
05/15/2018,271,vanilla
05/15/2018,271,green tea
05/15/2018,271,green tea
05/15/2018,271,tuxedo
05/15/2018,271,vanilla
05/15/2018,271,red velvet
05/15/2018,271,red velvet
05/15/2018,271,tuxedo
05/15/2018,271,chocolate
05/15/2018,271,vanilla
05/15/2018,271,chocolate
05/15/2018,271,tuxedo
05/15/2018,271,tuxedo
05/15/2018,272,tuxedo
05/15/2018,272,red velvet
05/15/2018,272,chocolate
05/15/2018,272,vanilla
05/15/2018,272,chocolate
05/15/2018,272,chocolate
05/15/2018,272,red velvet
05/15/2018,272,green tea
05/15/2018,272,tuxedo
05/15/2018,272,lemon
05/15/2018,273,red velvet
05/15/2018,273,green tea
05/15/2018,274,red velvet
05/15/2018,274,tuxedo
05/15/2018,274,red velvet
05/15/2018,274,vanilla
05/15/2018,274,vanilla
05/15/2018,274,lemon
05/15/2018,274,chocolate
05/15/2018,274,red velvet
05/15/2018,275,lemon
05/15/2018,275,tuxedo
05/15/2018,275,red velvet
05/15/2018,275,red velvet
05/15/2018,275,tuxedo
05/15/2018,276,chocolate
05/15/2018,277,tuxedo
05/15/2018,277,lemon
05/15/2018,277,red velvet
05/15/2018,277,red velvet
05/15/2018,278,green tea
05/16/2018,279,green tea
05/16/2018,279,vanilla
05/16/2018,279,vanilla
05/16/2018,280,tuxedo
05/16/2018,280,tuxedo
05/16/2018,280,red velvet
05/16/2018,281,green tea
05/16/2018,281,chocolate
05/16/2018,281,tuxedo
05/16/2018,281,vanilla
05/16/2018,281,green tea
05/16/2018,281,vanilla
05/16/2018,281,tuxedo
05/17/2018,282,chocolate
05/17/2018,282,tuxedo
05/17/2018,282,lemon
05/17/2018,282,red velvet
05/17/2018,282,red velvet
05/17/2018,282,chocolate
05/17/2018,283,tuxedo
05/17/2018,283,green tea
05/17/2018,284,tuxedo
05/17/2018,285,chocolate
05/17/2018,285,green tea
05/17/2018,285,chocolate
05/17/2018,285,chocolate
05/17/2018,285,lemon
05/17/2018,286,tuxedo
05/17/2018,286,red velvet
05/17/2018,286,red velvet
05/17/2018,286,chocolate
05/17/2018,287,vanilla
05/17/2018,287,lemon
05/17/2018,287,green tea
05/17/2018,287,lemon
05/17/2018,287,green tea
05/17/2018,287,vanilla
05/17/2018,287,tuxedo
05/17/2018,287,red velvet
05/17/2018,287,vanilla
05/17/2018,287,lemon
05/17/2018,287,tuxedo
05/17/2018,287,vanilla
05/17/2018,287,green tea
05/17/2018,287,red velvet
05/17/2018,288,chocolate
05/17/2018,288,green tea
05/17/2018,288,chocolate
05/17/2018,288,lemon
05/17/2018,288,tuxedo
05/17/2018,289,lemon
05/17/2018,289,green tea
05/17/2018,289,red velvet
05/17/2018,289,tuxedo
05/17/2018,289,vanilla
05/17/2018,289,tuxedo
05/17/2018,289,lemon
05/17/2018,289,tuxedo
05/17/2018,289,red velvet
05/17/2018,289,red velvet
05/17/2018,289,green tea
05/17/2018,289,red velvet
05/17/2018,289,chocolate
05/17/2018,289,tuxedo
05/17/2018,289,vanilla
05/17/2018,289,tuxedo
05/17/2018,289,vanilla
05/17/2018,290,chocolate
05/17/2018,290,vanilla
05/17/2018,290,lemon
05/17/2018,290,red velvet
05/17/2018,290,tuxedo
05/17/2018,290,green tea
05/17/2018,290,vanilla
05/17/2018,290,tuxedo
05/17/2018,290,chocolate
05/17/2018,290,lemon
05/17/2018,290,lemon
05/17/2018,290,chocolate
05/17/2018,290,red velvet
05/17/2018,290,lemon
05/17/2018,290,lemon
05/17/2018,290,red velvet
05/17/2018,290,vanilla
05/17/2018,290,chocolate
05/17/2018,290,red velvet
05/17/2018,291,green tea
05/17/2018,292,chocolate
05/17/2018,292,lemon
05/17/2018,292,red velvet
05/17/2018,292,tuxedo
05/17/2018,293,red velvet
05/17/2018,294,red velvet
05/17/2018,294,lemon
05/17/2018,294,vanilla
05/17/2018,294,red velvet
05/17/2018,294,chocolate
05/17/2018,295,red velvet
05/17/2018,296,lemon
05/17/2018,296,chocolate
05/17/2018,296,green tea
05/17/2018,297,lemon
05/17/2018,297,lemon
05/17/2018,297,red velvet
05/17/2018,297,vanilla
05/17/2018,297,lemon
05/17/2018,297,vanilla
05/17/2018,297,red velvet
05/17/2018,297,tuxedo
05/17/2018,297,red velvet
05/17/2018,298,green tea
05/17/2018,299,lemon
05/18/2018,300,vanilla
05/18/2018,300,green tea
05/18/2018,300,tuxedo
05/18/2018,300,chocolate
05/18/2018,300,chocolate
05/18/2018,300,lemon
05/18/2018,300,lemon
05/18/2018,300,red velvet
05/18/2018,301,green tea
05/18/2018,301,vanilla
05/18/2018,301,red velvet
05/18/2018,301,chocolate
05/18/2018,301,green tea
05/18/2018,301,red velvet
05/18/2018,301,red velvet
05/18/2018,301,lemon
05/18/2018,301,chocolate
05/18/2018,301,vanilla
05/18/2018,301,chocolate
05/18/2018,302,green tea
05/18/2018,302,chocolate
05/18/2018,302,lemon
05/18/2018,302,lemon
05/18/2018,302,lemon
05/18/2018,302,tuxedo
05/18/2018,303,green tea
05/18/2018,303,green tea
05/18/2018,303,red velvet
05/18/2018,303,chocolate
05/18/2018,303,lemon
05/18/2018,304,lemon
05/18/2018,304,red velvet
05/18/2018,304,tuxedo
05/18/2018,304,tuxedo
05/18/2018,304,lemon
05/18/2018,304,vanilla
05/18/2018,304,lemon
05/18/2018,304,lemon
05/18/2018,305,vanilla
05/18/2018,305,lemon
05/18/2018,305,chocolate
05/18/2018,305,vanilla
05/18/2018,305,chocolate
05/18/2018,305,chocolate
05/18/2018,305,tuxedo
05/18/2018,305,tuxedo
05/18/2018,305,green tea
05/18/2018,305,vanilla
05/18/2018,306,red velvet
05/18/2018,306,lemon
05/18/2018,306,vanilla
05/18/2018,306,vanilla
05/18/2018,306,chocolate
05/18/2018,307,chocolate
05/18/2018,308,vanilla
05/18/2018,308,green tea
05/18/2018,308,vanilla
05/18/2018,308,tuxedo
05/18/2018,308,lemon
05/18/2018,308,lemon
05/18/2018,309,red velvet
05/18/2018,309,tuxedo
05/18/2018,309,lemon
05/18/2018,309,chocolate
05/18/2018,309,green tea
05/18/2018,309,chocolate
05/18/2018,310,green tea
05/18/2018,311,chocolate
05/18/2018,311,chocolate
05/18/2018,311,lemon
05/18/2018,311,chocolate
05/18/2018,311,red velvet
05/18/2018,311,red velvet
05/18/2018,311,green tea
05/18/2018,312,chocolate
05/18/2018,312,tuxedo
05/18/2018,312,tuxedo
05/18/2018,312,red velvet
05/18/2018,312,vanilla
05/18/2018,313,green tea
05/18/2018,313,chocolate
05/18/2018,314,chocolate
05/18/2018,314,red velvet
05/18/2018,314,green tea
05/18/2018,315,chocolate
05/18/2018,315,tuxedo
05/18/2018,315,lemon
05/18/2018,315,tuxedo
05/18/2018,315,vanilla
05/18/2018,315,lemon
05/18/2018,315,tuxedo
05/18/2018,315,red velvet
05/18/2018,316,chocolate
05/18/2018,317,tuxedo
05/18/2018,317,vanilla
05/18/2018,317,green tea
05/18/2018,318,tuxedo
05/18/2018,319,green tea
05/18/2018,319,green tea
05/18/2018,319,chocolate
05/18/2018,320,red velvet
05/18/2018,320,lemon
05/18/2018,320,red velvet
05/18/2018,320,red velvet
05/18/2018,320,vanilla
05/18/2018,320,chocolate
05/19/2018,321,red velvet
05/19/2018,321,vanilla
05/19/2018,321,green tea
05/19/2018,321,green tea
05/19/2018,321,chocolate
05/19/2018,321,chocolate
05/19/2018,321,chocolate
05/19/2018,322,chocolate
05/19/2018,323,green tea
05/19/2018,323,tuxedo
05/19/2018,323,vanilla
05/19/2018,324,lemon
05/19/2018,324,vanilla
05/19/2018,324,green tea
05/19/2018,325,tuxedo
05/19/2018,325,lemon
05/19/2018,325,tuxedo
05/19/2018,326,red velvet
05/19/2018,326,green tea
05/19/2018,326,vanilla
05/20/2018,327,red velvet
05/20/2018,328,tuxedo
05/20/2018,328,lemon
05/20/2018,328,green tea
05/20/2018,328,chocolate
05/20/2018,328,tuxedo
05/20/2018,328,green tea
05/20/2018,329,vanilla
05/20/2018,330,lemon
05/20/2018,330,vanilla
05/20/2018,330,green tea
05/20/2018,330,chocolate
05/20/2018,330,chocolate
05/20/2018,330,green tea
05/20/2018,331,chocolate
05/20/2018,331,green tea
05/20/2018,331,chocolate
05/20/2018,331,tuxedo
05/20/2018,331,chocolate
05/20/2018,331,tuxedo
05/20/2018,331,lemon
05/20/2018,332,vanilla
05/20/2018,332,vanilla
05/20/2018,332,red velvet
05/20/2018,332,lemon
05/20/2018,332,lemon
05/20/2018,332,tuxedo
05/20/2018,332,tuxedo
05/20/2018,332,lemon
05/20/2018,332,green tea
05/20/2018,332,chocolate
05/20/2018,332,green tea
05/20/2018,332,vanilla
05/20/2018,332,lemon
05/21/2018,333,vanilla
05/21/2018,333,green tea
05/21/2018,333,chocolate
05/21/2018,333,green tea
05/21/2018,333,chocolate
05/21/2018,333,lemon
05/21/2018,333,lemon
05/21/2018,333,vanilla
05/22/2018,334,red velvet
05/22/2018,334,vanilla
05/22/2018,334,lemon
05/22/2018,334,lemon
05/22/2018,334,chocolate
05/22/2018,334,lemon
05/22/2018,334,vanilla
05/22/2018,334,chocolate
05/22/2018,334,tuxedo
05/22/2018,334,vanilla
05/22/2018,334,red velvet
05/22/2018,334,red velvet
05/22/2018,334,vanilla
05/22/2018,335,green tea
05/22/2018,335,green tea
05/22/2018,335,lemon
05/22/2018,335,vanilla
05/23/2018,336,tuxedo
05/23/2018,336,green tea
05/23/2018,336,lemon
05/23/2018,336,red velvet
05/23/2018,336,tuxedo
05/23/2018,336,chocolate
05/23/2018,337,chocolate
05/23/2018,337,vanilla
05/23/2018,337,vanilla
05/23/2018,337,red velvet
05/23/2018,337,chocolate
05/23/2018,337,vanilla
05/23/2018,337,tuxedo
05/23/2018,337,green tea
05/23/2018,337,vanilla
05/23/2018,337,tuxedo
05/23/2018,337,chocolate
05/23/2018,337,green tea
05/23/2018,338,green tea
05/23/2018,338,tuxedo
05/23/2018,338,vanilla
05/23/2018,338,tuxedo
05/23/2018,338,red velvet
05/23/2018,338,lemon
05/23/2018,338,vanilla
05/23/2018,338,chocolate
05/23/2018,338,chocolate
05/23/2018,338,lemon
05/23/2018,339,lemon
05/23/2018,339,green tea
05/23/2018,340,red velvet
05/23/2018,340,lemon
05/23/2018,340,lemon
05/23/2018,340,chocolate
05/23/2018,340,tuxedo
05/23/2018,340,red velvet
05/23/2018,340,green tea
05/23/2018,340,red velvet
05/23/2018,340,chocolate
05/23/2018,340,tuxedo
05/23/2018,340,green tea
05/23/2018,341,tuxedo
05/23/2018,341,lemon
05/23/2018,341,lemon
05/23/2018,341,vanilla
05/23/2018,341,red velvet
05/23/2018,341,chocolate
05/23/2018,342,chocolate
05/24/2018,343,tuxedo
05/24/2018,343,chocolate
05/24/2018,343,green tea
05/24/2018,343,chocolate
05/24/2018,343,tuxedo
05/24/2018,343,lemon
05/24/2018,343,tuxedo
05/24/2018,343,chocolate
05/24/2018,343,green tea
05/24/2018,343,red velvet
05/24/2018,343,green tea
05/24/2018,343,tuxedo
05/24/2018,344,red velvet
05/24/2018,344,tuxedo
05/24/2018,344,green tea
05/24/2018,344,green tea
05/24/2018,344,red velvet
05/24/2018,344,green tea
05/24/2018,344,lemon
05/24/2018,344,green tea
05/24/2018,344,lemon
05/24/2018,344,green tea
05/24/2018,344,vanilla
05/24/2018,344,lemon
05/24/2018,344,red velvet
05/24/2018,344,lemon
05/24/2018,345,lemon
05/24/2018,345,vanilla
05/24/2018,346,vanilla
05/24/2018,346,vanilla
05/24/2018,346,lemon
05/24/2018,346,green tea
05/24/2018,346,tuxedo
05/24/2018,347,chocolate
05/24/2018,348,lemon
05/24/2018,348,green tea
05/24/2018,348,vanilla
05/24/2018,348,lemon
05/24/2018,348,vanilla
05/24/2018,348,tuxedo
05/24/2018,348,lemon
05/24/2018,348,chocolate
05/24/2018,348,vanilla
05/24/2018,348,lemon
05/24/2018,349,chocolate
05/24/2018,349,chocolate
05/24/2018,349,green tea
05/24/2018,349,lemon
05/24/2018,349,tuxedo
05/24/2018,349,lemon
05/24/2018,349,green tea
05/24/2018,350,vanilla
05/24/2018,350,tuxedo
05/24/2018,350,vanilla
05/24/2018,350,red velvet
05/24/2018,350,tuxedo
05/24/2018,350,red velvet
05/24/2018,350,lemon
05/24/2018,351,green tea
05/24/2018,351,vanilla
05/24/2018,351,lemon
05/24/2018,351,tuxedo
05/24/2018,351,red velvet
05/24/2018,351,red velvet
05/24/2018,351,red velvet
05/24/2018,351,tuxedo
05/24/2018,351,lemon
05/24/2018,351,vanilla
05/24/2018,352,chocolate
05/24/2018,352,vanilla
05/24/2018,352,red velvet
05/24/2018,352,chocolate
05/24/2018,352,tuxedo
05/24/2018,352,chocolate
05/24/2018,352,vanilla
05/24/2018,352,chocolate
05/24/2018,353,green tea
05/24/2018,353,lemon
05/24/2018,353,red velvet
05/24/2018,353,tuxedo
05/24/2018,353,red velvet
05/24/2018,353,tuxedo
05/24/2018,353,lemon
05/24/2018,353,tuxedo
05/24/2018,353,tuxedo
05/24/2018,354,lemon
05/24/2018,354,tuxedo
05/24/2018,354,chocolate
05/24/2018,354,red velvet
05/24/2018,354,red velvet
05/24/2018,354,vanilla
05/24/2018,354,green tea
05/24/2018,354,tuxedo
05/24/2018,354,lemon
05/24/2018,355,green tea
05/24/2018,355,tuxedo
05/24/2018,355,lemon
05/24/2018,355,tuxedo
05/24/2018,355,red velvet
05/24/2018,355,tuxedo
05/24/2018,355,chocolate
05/24/2018,355,tuxedo
05/24/2018,355,tuxedo
05/24/2018,356,vanilla
05/24/2018,357,red velvet
05/24/2018,357,lemon
05/24/2018,357,chocolate
05/24/2018,357,vanilla
05/24/2018,357,tuxedo
05/24/2018,357,green tea
05/24/2018,357,green tea
05/24/2018,358,lemon
05/24/2018,359,chocolate
05/24/2018,360,tuxedo
05/24/2018,360,chocolate
05/24/2018,361,green tea
05/24/2018,362,green tea
05/24/2018,362,tuxedo
05/24/2018,362,green tea
05/24/2018,362,red velvet
05/24/2018,362,lemon
05/24/2018,362,red velvet
05/24/2018,362,red velvet
05/24/2018,362,chocolate
05/24/2018,363,green tea
05/24/2018,363,vanilla
05/24/2018,363,red velvet
05/24/2018,363,chocolate
05/24/2018,363,vanilla
05/24/2018,363,tuxedo
05/24/2018,363,lemon
05/24/2018,363,vanilla
05/24/2018,363,tuxedo
05/24/2018,364,tuxedo
05/24/2018,365,tuxedo
05/24/2018,365,red velvet
05/24/2018,365,vanilla
05/24/2018,365,chocolate
05/24/2018,365,lemon
05/24/2018,365,red velvet
05/24/2018,365,tuxedo
05/24/2018,365,red velvet
05/24/2018,366,vanilla
05/24/2018,367,chocolate
05/24/2018,367,lemon
05/24/2018,367,vanilla
05/24/2018,367,green tea
05/24/2018,367,lemon
05/24/2018,367,red velvet
05/24/2018,367,red velvet
05/24/2018,367,tuxedo
05/24/2018,367,green tea
05/24/2018,368,tuxedo
05/24/2018,369,green tea
05/24/2018,370,tuxedo
05/25/2018,371,chocolate
05/25/2018,372,vanilla
05/25/2018,372,red velvet
05/25/2018,372,vanilla
05/25/2018,372,green tea
05/25/2018,372,red velvet
05/25/2018,372,lemon
05/25/2018,372,tuxedo
05/25/2018,372,chocolate
05/25/2018,372,red velvet
05/25/2018,372,chocolate
05/25/2018,372,lemon
05/25/2018,372,tuxedo
05/25/2018,372,red velvet
05/25/2018,372,green tea
05/25/2018,372,red velvet
05/25/2018,373,red velvet
05/25/2018,373,green tea
05/25/2018,373,lemon
05/25/2018,373,tuxedo
05/25/2018,373,lemon
05/25/2018,373,lemon
05/25/2018,373,green tea
05/25/2018,373,tuxedo
05/25/2018,373,chocolate
05/25/2018,373,red velvet
05/25/2018,373,green tea
05/25/2018,373,lemon
05/25/2018,374,tuxedo
05/25/2018,374,vanilla
05/25/2018,374,green tea
05/25/2018,375,red velvet
05/25/2018,375,tuxedo
05/25/2018,375,green tea
05/25/2018,375,vanilla
05/25/2018,375,lemon
05/25/2018,375,green tea
05/25/2018,376,red velvet
05/25/2018,376,red velvet
05/25/2018,376,lemon
05/25/2018,376,lemon
05/25/2018,376,tuxedo
05/25/2018,377,vanilla
05/25/2018,378,green tea
05/25/2018,379,tuxedo
05/25/2018,379,tuxedo
05/25/2018,379,chocolate
05/25/2018,379,tuxedo
05/25/2018,379,lemon
05/25/2018,379,green tea
05/25/2018,380,vanilla
05/25/2018,380,lemon
05/25/2018,381,green tea
05/25/2018,381,green tea
05/25/2018,381,red velvet
05/25/2018,381,red velvet
05/25/2018,381,lemon
05/25/2018,381,red velvet
05/25/2018,381,chocolate
05/25/2018,381,lemon
05/25/2018,381,green tea
05/25/2018,381,tuxedo
05/25/2018,382,chocolate
05/25/2018,382,tuxedo
05/25/2018,382,chocolate
05/25/2018,382,green tea
05/25/2018,382,chocolate
05/25/2018,382,vanilla
05/25/2018,382,red velvet
05/25/2018,382,lemon
05/25/2018,383,tuxedo
05/25/2018,384,lemon
05/26/2018,385,tuxedo
05/26/2018,385,chocolate
05/26/2018,385,chocolate
05/26/2018,386,chocolate
05/26/2018,386,green tea
05/26/2018,386,chocolate
05/26/2018,386,chocolate
05/26/2018,387,red velvet
05/26/2018,387,vanilla
05/26/2018,387,lemon
05/26/2018,387,vanilla
05/26/2018,387,red velvet
05/26/2018,387,lemon
05/26/2018,388,chocolate
05/26/2018,388,lemon
05/26/2018,388,tuxedo
05/26/2018,388,tuxedo
05/26/2018,388,red velvet
05/26/2018,388,red velvet
05/26/2018,388,red velvet
05/26/2018,388,chocolate
05/26/2018,388,lemon
05/26/2018,388,lemon
05/26/2018,388,green tea
05/26/2018,388,vanilla
05/26/2018,388,tuxedo
05/26/2018,388,lemon
05/26/2018,389,red velvet
05/26/2018,390,chocolate
05/26/2018,390,vanilla
05/26/2018,390,chocolate
05/26/2018,391,green tea
05/26/2018,391,red velvet
05/26/2018,391,tuxedo
05/26/2018,391,vanilla
05/26/2018,391,vanilla
05/26/2018,391,chocolate
05/26/2018,392,vanilla
05/26/2018,392,lemon
05/26/2018,392,lemon
05/26/2018,392,green tea
05/26/2018,392,lemon
05/26/2018,392,chocolate
05/26/2018,392,green tea
05/26/2018,393,chocolate
05/26/2018,393,tuxedo
05/26/2018,393,red velvet
05/26/2018,393,vanilla
05/26/2018,393,red velvet
05/26/2018,393,chocolate
05/26/2018,393,chocolate
05/26/2018,393,red velvet
05/26/2018,393,green tea
05/26/2018,393,chocolate
05/26/2018,393,green tea
05/26/2018,394,tuxedo
05/26/2018,394,chocolate
05/26/2018,394,vanilla
05/26/2018,394,tuxedo
05/26/2018,394,vanilla
05/26/2018,394,chocolate
05/26/2018,395,lemon
05/26/2018,395,chocolate
05/26/2018,395,green tea
05/26/2018,396,red velvet
05/26/2018,396,tuxedo
05/26/2018,396,lemon
05/26/2018,396,tuxedo
05/26/2018,396,vanilla
05/26/2018,396,vanilla
05/26/2018,396,lemon
05/26/2018,396,tuxedo
05/26/2018,396,lemon
05/26/2018,396,vanilla
05/26/2018,396,tuxedo
05/26/2018,397,green tea
05/26/2018,397,lemon
05/26/2018,397,tuxedo
05/26/2018,397,tuxedo
05/26/2018,398,chocolate
05/26/2018,399,green tea
05/26/2018,400,tuxedo
05/26/2018,400,lemon
05/26/2018,400,lemon
05/26/2018,400,tuxedo
05/26/2018,400,tuxedo
05/26/2018,400,lemon
05/26/2018,400,chocolate
05/26/2018,400,green tea
05/26/2018,400,lemon
05/26/2018,400,lemon
05/26/2018,401,tuxedo
05/26/2018,401,lemon
05/26/2018,402,tuxedo
05/26/2018,402,red velvet
05/26/2018,403,tuxedo
05/26/2018,403,tuxedo
05/26/2018,403,tuxedo
05/26/2018,403,tuxedo
05/26/2018,403,red velvet
05/26/2018,403,chocolate
05/26/2018,403,lemon
05/26/2018,403,green tea
05/26/2018,403,tuxedo
05/26/2018,403,tuxedo
05/26/2018,403,vanilla
05/26/2018,403,green tea
05/26/2018,403,red velvet
05/26/2018,403,green tea
05/26/2018,404,tuxedo
05/26/2018,404,green tea
05/26/2018,404,chocolate
05/26/2018,404,lemon
05/26/2018,404,red velvet
05/26/2018,405,chocolate
05/26/2018,406,vanilla
05/26/2018,407,green tea
05/26/2018,407,lemon
05/26/2018,407,tuxedo
05/26/2018,407,chocolate
05/26/2018,407,lemon
05/26/2018,407,chocolate
05/26/2018,407,lemon
05/26/2018,407,chocolate
05/26/2018,407,red velvet
05/26/2018,407,tuxedo
05/26/2018,407,red velvet
05/26/2018,407,lemon
05/26/2018,407,vanilla
05/26/2018,407,green tea
05/26/2018,408,chocolate
05/26/2018,408,chocolate
05/26/2018,408,chocolate
05/26/2018,408,chocolate
05/26/2018,409,red velvet
05/26/2018,410,vanilla
05/26/2018,410,lemon
05/26/2018,410,tuxedo
05/26/2018,410,red velvet
05/26/2018,411,green tea
05/26/2018,411,vanilla
05/26/2018,411,red velvet
05/26/2018,411,red velvet
05/26/2018,411,lemon
05/26/2018,411,red velvet
05/26/2018,411,red velvet
05/26/2018,411,green tea
05/26/2018,411,red velvet
05/26/2018,411,tuxedo
05/26/2018,411,chocolate
05/26/2018,411,chocolate
05/26/2018,411,vanilla
05/26/2018,411,red velvet
05/26/2018,411,vanilla
05/26/2018,412,chocolate
05/26/2018,412,vanilla
05/26/2018,412,chocolate
05/26/2018,412,chocolate
05/26/2018,413,chocolate
05/26/2018,413,red velvet
05/26/2018,413,tuxedo
05/26/2018,413,green tea
05/26/2018,413,vanilla
05/26/2018,413,red velvet
05/26/2018,414,vanilla
05/26/2018,414,green tea
05/26/2018,414,lemon
05/27/2018,415,tuxedo
05/27/2018,415,green tea
05/27/2018,415,red velvet
05/27/2018,415,green tea
05/27/2018,415,green tea
05/27/2018,415,vanilla
05/27/2018,415,tuxedo
05/27/2018,415,chocolate
05/27/2018,415,red velvet
05/27/2018,415,vanilla
05/27/2018,415,red velvet
05/27/2018,415,chocolate
05/27/2018,416,chocolate
05/27/2018,417,green tea
05/27/2018,418,vanilla
05/27/2018,418,chocolate
05/27/2018,418,red velvet
05/27/2018,418,red velvet
05/27/2018,418,lemon
05/27/2018,418,chocolate
05/27/2018,418,red velvet
05/27/2018,418,green tea
05/27/2018,419,lemon
05/27/2018,420,red velvet
05/27/2018,420,lemon
05/27/2018,420,vanilla
05/27/2018,420,tuxedo
05/27/2018,420,vanilla
05/27/2018,420,tuxedo
05/27/2018,420,vanilla
05/27/2018,420,vanilla
05/27/2018,421,red velvet
05/27/2018,421,chocolate
05/27/2018,422,vanilla
05/27/2018,422,green tea
05/27/2018,422,vanilla
05/27/2018,422,vanilla
05/27/2018,422,green tea
05/27/2018,422,lemon
05/27/2018,423,green tea
05/27/2018,423,chocolate
05/27/2018,423,vanilla
05/27/2018,423,vanilla
05/27/2018,423,lemon
05/27/2018,424,red velvet
05/27/2018,425,red velvet
05/27/2018,425,red velvet
05/27/2018,425,chocolate
05/27/2018,425,vanilla
05/27/2018,425,green tea
05/27/2018,425,tuxedo
05/27/2018,425,green tea
05/27/2018,425,vanilla
05/27/2018,425,vanilla
05/27/2018,425,green tea
05/27/2018,425,lemon
05/27/2018,425,green tea
05/27/2018,425,red velvet
05/27/2018,426,red velvet
05/27/2018,426,chocolate
05/27/2018,426,lemon
05/27/2018,426,red velvet
05/27/2018,426,tuxedo
05/27/2018,426,vanilla
05/27/2018,426,green tea
05/27/2018,426,lemon
05/27/2018,426,vanilla
05/27/2018,426,chocolate
05/27/2018,426,vanilla
05/27/2018,427,vanilla
05/27/2018,427,red velvet
05/27/2018,427,red velvet
05/27/2018,427,vanilla
05/27/2018,427,chocolate
05/27/2018,427,tuxedo
05/27/2018,427,lemon
05/27/2018,427,lemon
05/27/2018,428,chocolate
05/27/2018,428,red velvet
05/27/2018,428,green tea
05/27/2018,429,red velvet
05/27/2018,429,green tea
05/27/2018,429,vanilla
05/27/2018,429,tuxedo
05/27/2018,429,red velvet
05/27/2018,429,green tea
05/27/2018,429,vanilla
05/27/2018,430,tuxedo
05/27/2018,430,red velvet
05/27/2018,430,chocolate
05/27/2018,430,chocolate
05/27/2018,430,tuxedo
05/27/2018,430,lemon
05/27/2018,430,red velvet
05/27/2018,431,chocolate
05/27/2018,431,lemon
05/27/2018,431,tuxedo
05/27/2018,431,tuxedo
05/27/2018,431,green tea
05/27/2018,431,chocolate
05/27/2018,431,green tea
05/27/2018,431,green tea
05/27/2018,431,tuxedo
05/27/2018,432,lemon
05/27/2018,432,lemon
05/27/2018,433,vanilla
05/27/2018,433,lemon
05/27/2018,433,vanilla
05/27/2018,433,green tea
05/27/2018,433,vanilla
05/27/2018,433,chocolate
05/27/2018,433,chocolate
05/27/2018,433,chocolate
05/27/2018,433,chocolate
05/27/2018,433,red velvet
05/27/2018,433,vanilla
05/27/2018,433,red velvet
05/27/2018,434,tuxedo
05/27/2018,434,green tea
05/27/2018,434,vanilla
05/27/2018,435,tuxedo
05/27/2018,435,lemon
05/27/2018,435,chocolate
05/27/2018,435,red velvet
05/27/2018,435,tuxedo
05/27/2018,435,vanilla
05/27/2018,435,lemon
05/27/2018,436,green tea
05/27/2018,436,red velvet
05/27/2018,436,red velvet
05/27/2018,436,chocolate
05/27/2018,436,chocolate
05/27/2018,436,green tea
05/27/2018,436,chocolate
05/27/2018,437,chocolate
05/27/2018,437,vanilla
05/27/2018,437,green tea
05/27/2018,437,red velvet
05/27/2018,437,chocolate
05/27/2018,438,chocolate
05/27/2018,438,vanilla
05/27/2018,438,vanilla
05/27/2018,438,lemon
05/27/2018,438,lemon
05/27/2018,438,lemon
05/27/2018,438,chocolate
05/27/2018,438,chocolate
05/27/2018,439,green tea
05/27/2018,440,chocolate
05/27/2018,440,lemon
05/27/2018,440,vanilla
05/27/2018,441,red velvet
05/27/2018,441,chocolate
05/27/2018,441,lemon
05/27/2018,441,green tea
05/27/2018,441,tuxedo
05/27/2018,441,tuxedo
05/27/2018,441,red velvet
05/27/2018,441,vanilla
05/27/2018,441,tuxedo
05/27/2018,441,chocolate
05/27/2018,441,green tea
05/27/2018,441,red velvet
05/27/2018,441,tuxedo
05/27/2018,441,vanilla
05/27/2018,441,tuxedo
05/27/2018,441,lemon
05/27/2018,442,green tea
05/27/2018,442,green tea
05/27/2018,442,red velvet
05/27/2018,442,tuxedo
05/27/2018,442,vanilla
05/27/2018,442,red velvet
05/27/2018,442,vanilla
05/27/2018,442,tuxedo
05/27/2018,442,red velvet
05/27/2018,442,tuxedo
05/27/2018,442,green tea
05/27/2018,442,vanilla
05/27/2018,442,chocolate
05/27/2018,442,green tea
05/27/2018,442,tuxedo
05/27/2018,442,chocolate
05/27/2018,442,tuxedo
05/27/2018,442,red velvet
05/28/2018,443,lemon
05/28/2018,443,vanilla
05/28/2018,443,green tea
05/28/2018,443,green tea
05/28/2018,443,lemon
05/28/2018,443,tuxedo
05/28/2018,443,green tea
05/28/2018,443,red velvet
05/28/2018,443,vanilla
05/28/2018,443,vanilla
05/28/2018,444,lemon
05/28/2018,445,lemon
05/28/2018,445,vanilla
05/28/2018,445,lemon
05/28/2018,445,green tea
05/28/2018,446,tuxedo
05/28/2018,446,chocolate
05/28/2018,446,green tea
05/28/2018,446,chocolate
05/28/2018,446,vanilla
05/28/2018,446,green tea
05/28/2018,446,green tea
05/28/2018,446,vanilla
05/28/2018,446,lemon
05/28/2018,446,red velvet
05/28/2018,446,tuxedo
05/28/2018,446,vanilla
05/28/2018,447,red velvet
05/28/2018,447,red velvet
05/28/2018,447,red velvet
05/28/2018,447,tuxedo
05/28/2018,447,tuxedo
05/28/2018,447,green tea
05/28/2018,447,green tea
05/28/2018,447,chocolate
05/28/2018,448,vanilla
05/28/2018,448,vanilla
05/28/2018,448,tuxedo
05/28/2018,448,red velvet
05/28/2018,448,chocolate
05/28/2018,448,tuxedo
05/28/2018,448,red velvet
05/28/2018,448,lemon
05/28/2018,448,vanilla
05/28/2018,449,vanilla
05/28/2018,449,red velvet
05/28/2018,450,green tea
05/28/2018,450,chocolate
05/28/2018,450,chocolate
05/28/2018,451,lemon
05/28/2018,451,red velvet
05/28/2018,451,red velvet
05/28/2018,451,chocolate
05/28/2018,451,tuxedo
05/28/2018,451,chocolate
05/28/2018,452,lemon
05/28/2018,452,chocolate
05/28/2018,452,vanilla
05/28/2018,452,tuxedo
05/28/2018,452,lemon
05/28/2018,452,vanilla
05/28/2018,452,lemon
05/28/2018,452,vanilla
05/28/2018,453,vanilla
05/28/2018,453,red velvet
05/28/2018,453,vanilla
05/28/2018,453,vanilla
05/28/2018,454,green tea
05/28/2018,454,chocolate
05/28/2018,454,vanilla
05/28/2018,454,lemon
05/28/2018,454,red velvet
05/28/2018,454,vanilla
05/28/2018,454,lemon
05/28/2018,454,lemon
05/28/2018,454,red velvet
05/28/2018,454,green tea
05/28/2018,455,chocolate
05/28/2018,456,red velvet
05/28/2018,456,vanilla
05/28/2018,456,tuxedo
05/28/2018,457,vanilla
05/28/2018,457,red velvet
05/28/2018,457,green tea
05/28/2018,457,red velvet
05/28/2018,457,vanilla
05/28/2018,457,green tea
05/28/2018,458,tuxedo
05/28/2018,458,lemon
05/28/2018,459,tuxedo
05/28/2018,459,chocolate
05/28/2018,459,green tea
05/28/2018,459,green tea
05/28/2018,459,red velvet
05/28/2018,459,green tea
05/28/2018,459,chocolate
05/28/2018,459,chocolate
05/29/2018,460,tuxedo
05/29/2018,460,lemon
05/29/2018,460,chocolate
05/29/2018,461,lemon
05/29/2018,461,lemon
05/29/2018,461,chocolate
05/29/2018,461,vanilla
05/29/2018,462,red velvet
05/29/2018,463,red velvet
05/29/2018,463,tuxedo
05/29/2018,463,tuxedo
05/29/2018,463,chocolate
05/29/2018,463,chocolate
05/29/2018,463,green tea
05/29/2018,463,tuxedo
05/29/2018,463,green tea
05/29/2018,463,chocolate
05/29/2018,463,tuxedo
05/29/2018,463,vanilla
05/29/2018,464,lemon
05/29/2018,464,green tea
05/29/2018,464,tuxedo
05/29/2018,464,chocolate
05/29/2018,464,vanilla
05/29/2018,464,chocolate
05/29/2018,464,tuxedo
05/29/2018,465,green tea
05/29/2018,465,red velvet
05/29/2018,465,green tea
05/29/2018,465,red velvet
05/29/2018,466,vanilla
05/29/2018,467,red velvet
05/29/2018,468,chocolate
05/29/2018,468,red velvet
05/29/2018,468,green tea
05/29/2018,468,chocolate
05/29/2018,468,green tea
05/29/2018,468,red velvet
05/29/2018,469,green tea
05/29/2018,469,vanilla
05/29/2018,469,red velvet
05/29/2018,469,red velvet
05/29/2018,469,vanilla
05/29/2018,469,green tea
05/29/2018,469,red velvet
05/29/2018,469,lemon
05/29/2018,469,green tea
05/29/2018,469,green tea
05/29/2018,469,lemon
05/29/2018,469,vanilla
05/29/2018,470,vanilla
05/29/2018,470,green tea
05/29/2018,470,lemon
05/29/2018,470,lemon
05/29/2018,470,green tea
05/29/2018,470,chocolate
05/29/2018,470,red velvet
05/29/2018,470,vanilla
05/29/2018,470,chocolate
05/29/2018,471,lemon
05/29/2018,472,green tea
05/29/2018,472,vanilla
05/29/2018,472,vanilla
05/29/2018,472,green tea
05/29/2018,472,tuxedo
05/29/2018,473,vanilla
05/29/2018,473,green tea
05/29/2018,473,red velvet
05/29/2018,473,green tea
05/29/2018,473,tuxedo
05/29/2018,473,red velvet
05/29/2018,474,red velvet
05/29/2018,474,red velvet
05/29/2018,474,chocolate
05/29/2018,474,green tea
05/29/2018,474,lemon
05/29/2018,474,tuxedo
05/29/2018,474,red velvet
05/29/2018,474,red velvet
05/29/2018,475,chocolate
05/29/2018,475,chocolate
05/29/2018,475,vanilla
05/29/2018,475,chocolate
05/29/2018,475,chocolate
05/29/2018,475,lemon
05/29/2018,475,lemon
05/29/2018,475,lemon
05/29/2018,475,red velvet
05/29/2018,475,red velvet
05/29/2018,476,lemon
05/29/2018,476,vanilla
05/29/2018,476,green tea
05/29/2018,476,green tea
05/29/2018,477,lemon
05/29/2018,477,red velvet
05/29/2018,477,chocolate
05/29/2018,478,chocolate
05/29/2018,478,green tea
05/29/2018,478,tuxedo
05/30/2018,479,green tea
05/30/2018,479,red velvet
05/30/2018,479,lemon
05/30/2018,479,chocolate
05/30/2018,479,chocolate
05/30/2018,479,green tea
05/30/2018,479,chocolate
05/30/2018,479,tuxedo
05/30/2018,479,green tea
05/30/2018,479,lemon
05/30/2018,480,tuxedo
05/30/2018,480,lemon
05/30/2018,480,chocolate
05/30/2018,480,lemon
05/30/2018,480,chocolate
05/30/2018,480,green tea
05/30/2018,480,green tea
05/30/2018,481,tuxedo
05/30/2018,481,tuxedo
05/30/2018,481,red velvet
05/30/2018,481,red velvet
05/30/2018,482,vanilla
05/30/2018,482,chocolate
05/30/2018,482,red velvet
05/30/2018,482,chocolate
05/30/2018,482,tuxedo
05/30/2018,483,red velvet
05/30/2018,483,tuxedo
05/30/2018,483,green tea
05/30/2018,483,lemon
05/30/2018,484,tuxedo
05/30/2018,484,red velvet
05/30/2018,484,lemon
05/30/2018,484,lemon
05/30/2018,484,tuxedo
05/30/2018,484,chocolate
05/30/2018,484,green tea
05/30/2018,485,lemon
05/30/2018,485,tuxedo
05/30/2018,485,lemon
05/30/2018,485,green tea
05/30/2018,485,tuxedo
05/30/2018,485,green tea
05/30/2018,485,vanilla
05/30/2018,486,vanilla
05/30/2018,486,vanilla
05/30/2018,486,chocolate
05/30/2018,486,green tea
05/30/2018,486,vanilla
05/30/2018,486,red velvet
05/30/2018,487,green tea
05/30/2018,487,chocolate
05/30/2018,487,vanilla
05/30/2018,487,lemon
05/30/2018,487,lemon
05/30/2018,487,green tea
05/30/2018,487,chocolate
05/30/2018,487,chocolate
05/30/2018,487,tuxedo
05/30/2018,487,tuxedo
05/30/2018,487,green tea
05/30/2018,487,chocolate
05/30/2018,487,tuxedo
05/30/2018,487,red velvet
05/30/2018,488,lemon
05/30/2018,488,lemon
05/30/2018,488,chocolate
05/30/2018,488,green tea
05/30/2018,488,chocolate
05/30/2018,488,tuxedo
05/30/2018,489,tuxedo
05/30/2018,489,green tea
05/30/2018,489,chocolate
05/30/2018,489,chocolate
05/30/2018,489,tuxedo
05/30/2018,489,green tea
05/30/2018,490,lemon
05/30/2018,490,green tea
05/30/2018,490,lemon
05/30/2018,490,red velvet
05/30/2018,490,vanilla
05/30/2018,491,tuxedo
05/30/2018,492,red velvet
05/30/2018,492,green tea
05/30/2018,492,vanilla
05/30/2018,493,green tea
05/30/2018,493,red velvet
05/30/2018,493,vanilla
05/30/2018,493,tuxedo
05/30/2018,493,lemon
05/30/2018,493,green tea
05/30/2018,493,green tea
05/30/2018,493,lemon
05/30/2018,493,red velvet
05/30/2018,493,red velvet
05/30/2018,494,lemon
05/30/2018,494,red velvet
05/31/2018,495,lemon
05/31/2018,495,vanilla
05/31/2018,495,green tea
05/31/2018,495,vanilla
05/31/2018,495,chocolate
05/31/2018,496,tuxedo
05/31/2018,496,tuxedo
05/31/2018,496,red velvet
05/31/2018,496,red velvet
05/31/2018,496,vanilla
05/31/2018,496,red velvet
05/31/2018,496,vanilla
05/31/2018,496,lemon
05/31/2018,496,tuxedo
05/31/2018,497,red velvet
05/31/2018,498,vanilla
05/31/2018,498,tuxedo
05/31/2018,498,tuxedo
05/31/2018,499,tuxedo
05/31/2018,499,lemon
05/31/2018,499,vanilla
05/31/2018,499,red velvet
05/31/2018,499,tuxedo
05/31/2018,499,chocolate
05/31/2018,499,chocolate
05/31/2018,499,lemon
05/31/2018,499,vanilla
05/31/2018,499,chocolate
05/31/2018,499,green tea
05/31/2018,499,vanilla
05/31/2018,500,vanilla
05/31/2018,501,green tea
05/31/2018,502,chocolate
05/31/2018,502,vanilla
05/31/2018,502,vanilla
05/31/2018,502,green tea
05/31/2018,502,chocolate
05/31/2018,502,vanilla
05/31/2018,502,lemon
05/31/2018,502,chocolate
05/31/2018,502,vanilla
05/31/2018,503,chocolate
05/31/2018,504,red velvet
05/31/2018,505,red velvet
05/31/2018,505,vanilla
05/31/2018,505,vanilla
05/31/2018,505,vanilla
05/31/2018,505,green tea
05/31/2018,505,green tea
05/31/2018,506,chocolate
05/31/2018,506,tuxedo
05/31/2018,506,vanilla
05/31/2018,506,green tea
05/31/2018,506,vanilla
05/31/2018,507,chocolate
05/31/2018,507,vanilla
05/31/2018,507,green tea
05/31/2018,507,red velvet
05/31/2018,508,green tea
05/31/2018,508,lemon
05/31/2018,508,chocolate
05/31/2018,509,green tea
05/31/2018,510,green tea
05/31/2018,510,chocolate
05/31/2018,510,tuxedo
05/31/2018,510,red velvet
05/31/2018,510,vanilla
05/31/2018,510,red velvet
05/31/2018,510,vanilla
05/31/2018,511,lemon
05/31/2018,511,green tea
05/31/2018,511,vanilla
05/31/2018,511,chocolate
05/31/2018,511,chocolate
05/31/2018,511,tuxedo
05/31/2018,511,lemon
05/31/2018,512,lemon
05/31/2018,512,tuxedo
05/31/2018,512,vanilla
05/31/2018,512,chocolate
05/31/2018,512,tuxedo
05/31/2018,513,chocolate
05/31/2018,513,vanilla
05/31/2018,513,red velvet
05/31/2018,513,chocolate
05/31/2018,513,red velvet
05/31/2018,513,tuxedo
05/31/2018,513,vanilla
05/31/2018,513,tuxedo
05/31/2018,513,tuxedo
05/31/2018,513,chocolate
05/31/2018,513,green tea
05/31/2018,513,chocolate
05/31/2018,514,chocolate
05/31/2018,515,green tea
05/31/2018,516,red velvet
05/31/2018,516,tuxedo
05/31/2018,516,lemon
